[{"id":"88cbe374.92fc7","type":"http in","z":"74d67cc9.ce0f74","name":"","url":"/customer","method":"get","upload":false,"swaggerDoc":"","x":85,"y":353.0000047683716,"wires":[["58a26f4a.267b4"]]},{"id":"58a26f4a.267b4","type":"function","z":"74d67cc9.ce0f74","name":"api","func":"\nreturn msg;","outputs":1,"noerr":0,"x":249.3333215713501,"y":395.0000066757202,"wires":[["6738cad.ff86b34","3583d0db.0b3e4"]]},{"id":"a43744e9.190a98","type":"debug","z":"74d67cc9.ce0f74","name":"","active":true,"tosidebar":true,"console":false,"tostatus":false,"complete":"false","x":572.3333511352539,"y":233.00002670288086,"wires":[]},{"id":"6738cad.ff86b34","type":"http response","z":"74d67cc9.ce0f74","name":"","statusCode":"","headers":{},"x":516.1666870117188,"y":317.66668701171875,"wires":[]},{"id":"3583d0db.0b3e4","type":"function","z":"74d67cc9.ce0f74","name":"parsing","func":"msg.payload=msg.payload.name\nglobal.set(\"name\",msg.payload)\nreturn msg;","outputs":1,"noerr":0,"x":118.50001525878906,"y":207.0000023841858,"wires":[["77407b2b.0eacd4","481898b8.76d6e8"]]},{"id":"77407b2b.0eacd4","type":"cloudant in","z":"74d67cc9.ce0f74","name":"","cloudant":"","database":"customer","service":"mouryapunk31-cloudantNoSQLDB","search":"_id_","design":"","index":"","x":292.166690826416,"y":198.33333587646484,"wires":[["a43744e9.190a98","31cc1d3.0208ce2"]]},{"id":"31cc1d3.0208ce2","type":"function","z":"74d67cc9.ce0f74","name":"items parsing","func":"var f=msg.payload.item1\nglobal.set('item1',f)\n\nvar g = msg.payload.item2\nglobal.set('item2',g)\nreturn [{payload:f},{payload:g}];","outputs":2,"noerr":0,"x":282.1666946411133,"y":114.33334541320801,"wires":[["ac18979.392ef68","e08b3c3b.f8ada","d7189003.8eb89"],["ac18979.392ef68","e08b3c3b.f8ada","cbdf7242.11113"]]},{"id":"ac18979.392ef68","type":"debug","z":"74d67cc9.ce0f74","name":"","active":true,"tosidebar":true,"console":false,"tostatus":false,"complete":"false","x":599.1666870117188,"y":137.00000286102295,"wires":[]},{"id":"e08b3c3b.f8ada","type":"cloudant in","z":"74d67cc9.ce0f74","name":"","cloudant":"","database":"items","service":"mouryapunk31-cloudantNoSQLDB","search":"_id_","design":"","index":"","x":457.1666793823242,"y":67.33334541320801,"wires":[["b4936ca0.810ff","674a58df.b775f8"]]},{"id":"674a58df.b775f8","type":"debug","z":"74d67cc9.ce0f74","name":"","active":true,"tosidebar":true,"console":false,"tostatus":false,"complete":"false","x":820.1666870117188,"y":98.66667175292969,"wires":[]},{"id":"b4936ca0.810ff","type":"function","z":"74d67cc9.ce0f74","name":"update","func":"msg.payload=String(\"Hello \")+global.get('name')+String(\" updates available on \") + msg.payload.update\nreturn msg;","outputs":1,"noerr":0,"x":619.1666831970215,"y":51.666672706604004,"wires":[["674a58df.b775f8","32952558.06e0ca"]]},{"id":"32952558.06e0ca","type":"ui_text","z":"74d67cc9.ce0f74","group":"be2914db.3bca58","order":8,"width":"5","height":"4","name":"","label":"Update","format":"{{msg.payload}}","layout":"row-spread","x":880.8333435058594,"y":360.3333435058594,"wires":[]},{"id":"481898b8.76d6e8","type":"ui_text","z":"74d67cc9.ce0f74","group":"be2914db.3bca58","order":5,"width":0,"height":0,"name":"","label":"Customer","format":"{{msg.payload}}","layout":"row-spread","x":881.8333778381348,"y":290.6666955947876,"wires":[]},{"id":"d7189003.8eb89","type":"ui_text","z":"74d67cc9.ce0f74","group":"be2914db.3bca58","order":6,"width":0,"height":0,"name":"","label":"Previous Items Purchased","format":"{{msg.payload}}","layout":"row-spread","x":729.1666870117188,"y":391.66668701171875,"wires":[]},{"id":"cbdf7242.11113","type":"ui_text","z":"74d67cc9.ce0f74","group":"be2914db.3bca58","order":7,"width":0,"height":0,"name":"","label":"Previous Items Purchased","format":"{{msg.payload}}","layout":"row-spread","x":717.1666870117188,"y":437.66668701171875,"wires":[]},{"id":"be2914db.3bca58","type":"ui_group","z":"","name":"Customer Recommendation","tab":"282733ef.4a1a4c","disp":true,"width":"6","collapse":false},{"id":"282733ef.4a1a4c","type":"ui_tab","z":"","name":"Home","icon":"dashboard","disabled":false,"hidden":false}]